ACC(%),SE(%),SP(%),MCC,Classifier
91.50280898876404,90.87078651685393,92.13483146067415,0.8301225013105349,"SVC(kernel = rbf, tuned)"
